0.0,0.0,0.0
0.0,0.0,0.0
0.0,0.0,0.0
0.0,0.0,0.0
0.0,0.0,0.0
0.0,0.0,0.0
0.0,0.0,0.0
0.0,0.0,0.0
0.0,0.0,0.0
0.0,0.0,0.0
0.0,0.0,0.0
0.0,0.0,0.0
0.0,0.0,0.0
0.0,0.0,0.0
0.0,0.0,0.0
0.0,0.0,0.0
0.0,0.0,0.0
0.0,0.0,0.0
0.0,0.0,0.0
0.0,0.0,0.0
0.0002059861119007,0.0001811422058647,0.0
0.0014368947802913,0.0012581778947237,2.02399750868396e-05
0.0026600825005972,0.0023209512275813,7.19229688283667e-05
0.0038752757296481,0.0033700550990908,0.000156270913946
0.0050821912481366,0.004406088391997,0.000274330821264
0.006280537976757,0.0054296537060078,0.0004269720552705
0.0074700188045586,0.0064413550889499,0.0006148844284334
0.0086503324212737,0.0074417957803457,0.0008385771144146
0.0098211751454473,0.0084315759773908,0.0010983783766763
0.0109822427402949,0.0094112906331068,0.0013944361053654
0.0121332322093552,0.0103815272962038,0.0017267191518365
0.0132738435641731,0.0113428640018991,0.0020950194467189
0.0144037815564514,0.0122958672226201,0.0024989548840847
0.0155227573673485,0.0132410898871572,0.0029379729510362
0.0166304902468604,0.0141790694764431,0.0034113550789156
0.0177267090965239,0.0151103262037051,0.0039182216893656
0.0188111539889974,0.0160353612862845,0.0044575379056437
0.019883577618422,0.0169546553159315,0.0050281198969266
0.0209437466758391,0.0178686667338749,0.0056286418208488
0.0219914431443307,0.0187778304164353,0.0062576433272062
0.0230264655089612,0.0196825563763959,0.0069135375836295
0.0240486298770313,0.0205832285847768,0.007594619782107
0.0250577710045971,0.0214802039170729,0.0082990760835091
0.0260537432256705,0.0223738112274193,0.0090249929557537
0.0270364212809831,0.0232643505535401,0.0097703668599465
0.0280057010436799,0.0241520924547261,0.0105331142377469
0.0289615001397903,0.0250372774844673,0.0113110817523426
0.0299037584618213,0.0259201157987519,0.0121020567347736
0.0308324385743034,0.0268007869004241,0.0129037777869198
0.0317475260106214,0.0276794395193849,0.0137139454922706
0.0326490294609475,0.028556191627814,0.014530233185607
0.0335369808515833,0.0294311305889974,0.0153502977329704
0.0344114353165014,0.0303043134377646,0.0161717902737366
0.0352724710623434,0.0311757672899694,0.0169923668772813
0.0361201891285995,0.0320454898779029,0.0178096990675837
0.036954713045141,0.0329134502079926,0.0186214841701863
0.0377761883897123,0.0337795893366362,0.019425455437183
0.0385847822484104,0.0346438212595333,0.0202193919073532
0.03938068258258,0.0355060339094168,0.0210011279601778
0.0401640975059334,0.0363660902566582,0.021768562524261
0.0409352544760683,0.037223829506814,0.0225196679026266
0.0416850843513752,0.0380790681055005,0.0232521888777214
0.0423811606325717,0.0389315730880013,0.0239591066233081
0.0429898317117077,0.0397809854012995,0.0246267327955561
0.043490816162764,0.0406267433492875,0.0252357753953038
0.0438834097964572,0.0414663523144854,0.0257654307517494
0.0441691511425255,0.0422831192828146,0.0261966483383714
0.0443497323527289,0.043043852193006,0.0265162087795431
0.0444269338040407,0.043718758789447,0.026717524069866
0.0444025610612684,0.0442828986322449,0.0267998351511712
0.0442783913164624,0.0447193046325769,0.0267671690105761
0.0440561378856888,0.0450245172476014,0.0266256780568169
0.0437374391523912,0.0451990186247216,0.0263821025214558
0.043323855301884,0.0452433694873619,0.0260433981726717
0.0428168668923894,0.0451582104314781,0.0256167047637764
0.0422178736569997,0.0449442629194504,0.025109313901705
0.0415281936350984,0.0446023298590897,0.0245286365515458
0.0407490626341565,0.0441332957698321,0.0238821703259187
0.0398816340213315,0.0435381265400095,0.0231774667074481
0.0389269788428288,0.0428178687808678,0.0224220983513589
0.0378860862675392,0.0419736487847381,0.0216236266133597
0.036760351473457,0.041006671096455,0.0207895694454916
0.0355548492828101,0.0399187921095824,0.0199277866440915
0.0342792497367007,0.0387165835644211,0.0190469522581368
0.0329433555963372,0.0374126598134899,0.0181556442614413
0.0315567035571262,0.0360204217275563,0.0172617710406475
0.0301284462544158,0.0345534883040345,0.0163724054240736
0.0286672496040066,0.0330254422665472,0.015493679058357
0.0271812114877229,0.0314495788372947,0.0146307092218023
0.0256778034914794,0.0298386741323081,0.0137875601787587
0.0241638353995891,0.0282047848177302,0.0129672384948824
0.022645440978245,0.0265590856527566,0.0121717197463098
0.0211280828877454,0.0249117470044904,0.0114020028069012
0.0196165741860658,0.0232718507932698,0.0106581874187922
0.0181151137112931,0.0216473417084111,0.0099395707248699
0.0166273325788466,0.0200450103406832,0.0092447585474522
0.0151563490654343,0.0184705050088575,0.0085717873011837
0.0137048292601911,0.0169283690955988,0.0079182525315873
0.0122750510333763,0.0154221006611409,0.0072814402040755
0.0108689690927949,0.0139542310310467,0.006658457053316
0.0094882791556975,0.0125264189944875,0.0060463565494712
0.0081344795473718,0.0111395572247779,0.0054422573474418
0.0068089288355351,0.009793887557155,0.0048434514534132
0.0055128981465928,0.0084891218363075,0.0042474997477401
0.0042476162469377,0.0072245649960329,0.0036523128408074
0.0030143051904214,0.0059992365654701,0.0030562154977259
0.001814205129437,0.0048119864525323,0.0024579933192123
0.0006485880417803,0.0036616012996336,0.0018569210028103
-0.0004812389918154,0.0025468985762315,0.0012527722049805
-0.0015739397535444,0.0014668064320353,0.0006458116917842
-0.0026281625431925,0.0004204280963387,3.6771062325985e-05
-0.003642559780402,-0.0005929097161715,-0.0005731901650739
-0.0046158117507702,-0.0015736243375307,-0.001182535910734
-0.0055466527267251,-0.0025218600442567,-0.0017894148477528
-0.0064338978051257,-0.0034374853114103,-0.0023917290004684
-0.0072764689729309,-0.004320103057027,-0.0029872068787216
-0.0080734191240218,-0.0051690722346296,-0.0035734784244829
-0.0088239529897157,-0.0059835389336333,-0.0041481491652097
-0.0095274441993645,-0.0067624750248739,-0.0047088711676177
-0.0101834479437615,-0.0075047223367661,-0.0052534086533998
-0.0107917089624693,-0.0082090403611119,-0.005779696460621
-0.0113521648078481,-0.0088741555597061,-0.006285889896153
-0.0118649445464104,-0.0094988104661949,-0.0067704049105126
-0.012330363236818,-0.0100818109440469,-0.0072319479220862
-0.0127489126697244,-0.0106220701625374,-0.0076695350089371
-0.0131212489656608,-0.0111186480796441,-0.0080825005603705
-0.0134481777024402,-0.0115707854650181,-0.0084704958257607
-0.0137306372833736,-0.0119779317491761,-0.0088334781051057
-0.0139696812633885,-0.0123397662384233,-0.009171691586481
-0.0141664603246327,-0.0126562124809635,-0.009485641044193
-0.0143222045402704,-0.0129274458011702,-0.0097760597642834
-0.014438206489801,-0.013153894230081,-0.0100438731596329
-0.0145158056968351,-0.0133362332460172,-0.0102901595758754
-0.0145563747565843,-0.0134753748962139,-0.010516109774265
-0.0145613074110404,-0.0135724519961056,-0.0107229865128898
-0.0145320087202894,-0.0136287981962638,-0.010912085538992
-0.0144698873734436,-0.0136459247678628,-0.0110846991595957
-0.0143763500864001,-0.013625494986905,-0.0112420833828987
-0.0142527979493636,-0.013569296997108,-0.0113854294271928
-0.0141006245172574,-0.0134792160039392,-0.0115158401857585
-0.0139212153823719,-0.0133572066009772,-0.0116343120234371
-0.0137159489315932,-0.0132052659582443,-0.0117417220710941
-0.0134861979702561,-0.0130254085143518,-0.0118388209849963
-0.0132333318903094,-0.0128196427143486,-0.0119262309553229
-0.0129587190707037,-0.0125899502272033,-0.0120044485867121
-0.0126637292208584,-0.0123382679649036,-0.0120738521378279
-0.0123497354115397,-0.012066473113042,-0.012134712499171
-0.0120181155790439,-0.0117763712739422,-0.0121872072102802
-0.0116702533356945,-0.0114696877209694,-0.0122314367694783
-0.0113075379698043,-0.0111480616692717,-0.0122674424707081
-0.0109313635689958,-0.0108130433859475,-0.0122952250111107
-0.0105431272499218,-0.0104660938931201,-0.0123147631473302
-0.0101442265230263,-0.0101085869616925,-0.0123260317348903
-0.0097360558614409,-0.0097418130521878,-0.0123290185596936
-0.0093200025771713,-0.009366984832125,-0.0123237394596866
-0.0088974421345311,-0.0089852438864114,-0.0123102513338076
-0.0084697330498548,-0.0085976682374656,-0.0122886627402508
-0.0080382115377346,-0.0082052803040648,-0.0122591418927501
-0.0076041860676193,-0.0078090549508023,-0.0122219219681828
-0.0071689319910885,-0.0074099273119214,-0.012177303737881
-0.00673368639024,-0.0070088001123643,-0.0121256556256414
-0.0062996432823579,-0.0066065502532915,-0.0120674113751156
-0.0058679492964538,-0.0062040344772251,-0.0120030655761887
-0.0054396999145581,-0.0058020939775181,-0.0119331673528561
-0.0050159363459803,-0.0054015578663535,-0.0118583125533215
-0.0045976430773125,-0.0050032454633517,-0.011779134806461
-0.0041857461158169,-0.0046079674117335,-0.0116962958178554
-0.0037811119199915,-0.0042165256696815,-0.0116104752741558
-0.0033845469893964,-0.0038297124601193,-0.0115223607079128
-0.0029967980669166,-0.0034483082918973,-0.0114326376477423
-0.002618552891057,-0.0030730791888716,-0.0113419803426657
-0.0022504414239238,-0.0027047732803875,-0.0112510433066114
-0.0018930374724157,-0.0023441169172218,-0.0111604538814586
-0.0015468606157975,-0.0019918104813295,-0.0110708059666699
-0.0012123783521157,-0.0016485240561639,-0.0109826550124664
-0.0008900083785308,-0.0013148931174471,-0.0108965143234524
-0.0005801209262077,-0.0009915143927327,-0.0108128526722396
-0.0002830410784204,-0.000678942022685,-0.010732093179334
9.48989513601404e-07,-0.0003776841385244,-0.0106546133774741
0.0002716078985386,-8.81999494002578e-05,-0.0105807463466011
0.0005287331203487,0.0001891025885877,-0.010510782780277
0.0007721592236215,0.000453868472584,-0.0104449738259309
0.0010017563254266,0.0007057966956073,-0.0103835345298496
0.0012174287498082,0.000944640626261,-0.0103266477131121
0.0014191138851956,0.0011702077400655,-0.0102744681062764
0.0016067812233381,0.0013823587348102,-0.0102271265779508
0.001780431555127,0.0015810060777356,-0.0101847343046744
0.0019400962930854,0.0017661120450504,-0.0101473867459232
0.0020858368865478,0.0019376863240755,-0.0101151673076401
0.0022177442935922,0.0020957832551321,-0.010088150599499
0.002335938473549,0.0022404987941781,-0.0100664052142078
0.0024405678652431,0.0023719672782768,-0.0100499959806384
0.0025318088188417,0.0024903580744576,-0.0100389856655902
0.0026098649530481,0.00259587218867,-0.01003343612081
0.0026749664141488,0.00268873890566,-0.0100334088918627
0.0027273690188237,0.0027692125230786,-0.0100389653230427
0.0027673532683966,0.0028375692343356,-0.0100501662073657
0.0027952232280868,0.0028941042050414,-0.0100670710424944
0.0028113052705741,0.0029391288777072,-0.0100897369621179
0.0028159466886026,0.002972968529078,-0.0101182174177913
0.0028095141862429,0.0029959600943819,-0.0101525606886587
0.002792392262661,0.0030084502632093,-0.0101928082960063
0.0027649815056956,0.0030107938429359,-0.0102389933965152
0.0027276968151633,0.0030033523777955,-0.0102911392227243
0.0026809655775596,0.0029864930050477,-0.0103492576319809
0.0026252258146998,0.0029605875242929,-0.0104133478164426
0.0025609243289055,0.0029260116519092,-0.0104833952169523
0.0024885148666307,0.0028831444298508,-0.0105593706732418
0.0024084563210453,0.0028323677566105,-0.0106412298323528
0.0023212109921445,0.002774066007945,-0.0107289128267702
0.0022272429205577,0.0027086257158866,-0.0108223442238748
0.0021270163085041,0.00263643527648,-0.0109214332392401
0.0020209940384198,0.0025578846594415,-0.0110260741982504
0.0019096362967739,0.0024733650963665,-0.0111361472236861
0.0017933993076209,0.0023832687280425,-0.011251519121431
0.0016727341775966,0.0022879881956741,-0.0113720444323669
0.0015480858514521,0.0021879161652306,-0.011497566615846
0.0014198921748986,0.0020834447785224,-0.0116279193288375
0.0012885830595612,0.0019749650288517,-0.0117629277648384
0.0011545797432558,0.0018628660630392,-0.0119024100178208
0.001018294137612,0.0017475344151948,-0.0120461784386909
0.0008801282542929,0.0016293531806864,-0.0121940409548089
0.0007404737006708,0.001508701141312,-0.0123458023268666
0.0005997112358015,0.0013859518546493,-0.0125012653216665
0.0004582103778522,0.0012614727219313,-0.0126602317838903
0.0003163290547306,0.0011356240495806,-0.0128225035946172
0.0001744132904946,0.0010087581197502,-0.0129878835089825
3.27969211245065e-05,0.0008812182849038,-0.0131561758697946
-0.000108198665631,0.0007533381006847,-0.0133271871980397
-0.0002482647704347,0.0006254405101204,-0.0135007266648766
-0.0003871056054598,0.0004978370906786,-0.0136766064528839
-0.0005244385021367,0.0003708273738935,-0.0138546420169093
-0.0006599941041819,0.0002446982453058,-0.0140346522568542
-0.0007935165455696,0.000119723430381,-0.0142164596160957
-0.0009247636122682,-3.83693003757965e-06,-0.0143998901200135
-0.0010535068858878,-0.0001257366132484,-0.0145847733692887
-0.001179531866882,-0.0002457435576562,-0.0147709425023164
-0.0013026380746172,-0.0003636400174587,-0.0149582341402873
-0.0014226391214695,-0.0004792226329391,-0.0151464883273208
-0.0015393627581193,-0.0005923024216224,-0.0153355484765408
-0.0016526508873743,-0.0007027046966695,-0.0155252613312682
-0.0017623595441404,-0.0008102689197307,-0.0157154769486327
-0.0018683588395651,-0.0009148484960594,-0.0159060487109603
-0.0019705328678611,-0.001016310519996,-0.0160968333683533
-0.0020687795748675,-0.0011145354789909,-0.0162876911140014
-0.0021630105879881,-0.0012094169241704,-0.0164784856920105
-0.0022531510077408,-0.0013008611150673,-0.0166690845359602
-0.0023391391617373,-0.0013887866455999,-0.0168593589350314
-0.0024209263224641,-0.0014731240576878,-0.0170491842234171
-0.0024984763907425,-0.0015538154481098,-0.017238439987855
-0.0025717655471896,-0.0016308140733429,-0.0174270102875062
-0.0026407818743729,-0.0017040839562289,-0.017614783880047
-0.002705524952644,-0.0017735994974168,-0.0178016544477347
-0.0027660054328488,-0.0018393450936551,-0.0179875208173213
-0.002822244589235,-0.0019013147641913,-0.0181722871680152
-0.0028742738559266,-0.0019595117857881,-0.0183558632221823
-0.002922134350306,-0.0020139483362106,-0.0185381644141177
-0.002965876386545,-0.0020646451454886,-0.0187191120329643
-0.0030055589823707,-0.0021116311538189,-0.0188986333366714
-0.0030412493619468,-0.0021549431746451,-0.0190766616347474
-0.0030730224575048,-0.0021946255612471,-0.0192531363384273
-0.0031009604120904,-0.0022307298750684,-0.0194280029777201
-0.0031251520854994,-0.0022633145540158,-0.0196012131856029
-0.0031456925651866,-0.0022924445790594,-0.0197727246503575
-0.0031626826836375,-0.002318191137636,-0.0199425010376922
-0.0031762285434178,-0.0023406312826018,-0.0201105118848353
-0.0031864410508519,-0.0023598475857683,-0.0202767324692283
-0.0031934354590524,-0.0023759277853856,-0.0204411436547732
-0.0031973309208133,-0.0023889644272829,-0.0206037317188025
-0.0031982500517082,-0.002399054499729,-0.0207644881630509
-0.0031963185035959,-0.0024062990624222,-0.020923409511911
-0.0031916645486283,-0.0024108028703438,-0.0210804971011728
-0.0031844186737805,-0.0024126739935071,-0.0212357568602768
-0.0031747131858823,-0.0024120234338914,-0.0213891990908808
-0.0031626818271094,-0.0024089647410632,-0.0215408382442512
-0.0031484594009016,-0.0024036136281556,-0.0216906926996654
-0.0031321814082982,-0.0023960875899858,-0.0218387845456596
-0.0031139836947238,-0.0023865055251564,-0.0219851393655974
-0.0030940021073045,-0.0023749873639986,-0.0221297860286724
-0.0030723721628536,-0.0023616537041757,-0.0222727564871127
-0.0030492287267208,-0.0023466254556928,-0.0224140855800312
-0.0030247057027569,-0.0023300234969354,-0.0225538108440726
-0.0029989357346954,-0.0023119683432139,-0.0226919723307543
-0.0029720499192938,-0.0022925798291162,-0.0228286124301816
-0.0029441775316097,-0.0022719768057746,-0.0229637757006525
-0.0029154457628096,-0.0022502768539485,-0.023097508703542
-0.0028859794709099,-0.0022275960136145,-0.0232298598427749
-0.002855900944851,-0.0022040485305423,-0.0233608792081634
-0.0028253296822816,-0.0021797466201321,-0.0234906184218844
-0.0027943821814023,-0.0021548002485985,-0.0236191304874116
-0.002763171747175,-0.002129316931404,-0.0237464696402829
-0.0027318083121539,-0.0021034015486928,-0.0238726912001752
-0.0027003982721331,-0.002077156177336,-0.0239978514238686
-0.0026690443367415,-0.002050679939085,-0.0241220073588046
-0.0026378453950448,-0.0020240688642428,-0.0242452166970697
-0.002606896396142,-0.0019974157701947,-0.0243675376297694
-0.0025762882446709,-0.0019708101540961,-0.0244890287018791
-0.0025461077110655,-0.0019443380989946,-0.0246097486677835
-0.0025164373563399,-0.0019180821926598,-0.0247297563478161
-0.0024873554711057,-0.0018921214584084,-0.0248491104862082
-0.0024589360284745,-0.0018665312972412,-0.024967869610929
-0.0024312486504408,-0.0018413834406488,-0.0250860918959576
-0.0024043585872954,-0.0018167459134911,-0.025203835026564
-0.0023783267095801,-0.0017926830064107,-0.025321156068199
-0.0023532095120627,-0.0017692552572958,-0.0254381113395906
-0.0023290591291879,-0.0017465194413687,-0.0255547562906306
-0.0023059233614408,-0.0017245285695281,-0.0256711453856043
-0.0022838457120502,-0.0017033318946274,-0.025787331992269
-0.0022628654334552,-0.0016829749254167,-0.0259033682772337
-0.002243017582957,-0.0016634994479132,-0.0260193051080247
-0.0022243330869862,-0.0016449435539992,-0.0261351919621536
-0.0022068388134237,-0.0016273416770667,-0.0262510768434256
-0.0021905576514257,-0.0016107246345439,-0.0263670062056516
-0.0021755085982188,-0.0015951196771449,-0.0264830248838511
-0.0021617068523474,-0.0015805505446811,-0.0265991760329587
-0.0021491639128727,-0.0015670375282651,-0.0267155010739783
-0.002137887684039,-0.0015545975387229,-0.0268320396474679
-0.0021278825849431,-0.0015432441810093,-0.0269488295741777
-0.0021191496637545,-0.0015329878343982,-0.0270659068226206
-0.0021116867160557,-0.0015238357381916,-0.0271833054833111
-0.0021054884068799,-0.0015157920826633,-0.0273010577493778
-0.0021005463960415,-0.0015088581049253,-0.0274191939032336
-0.0020968494663634,-0.0015030321893744,-0.0275377423089703
-0.0020943836544176,-0.0014983099723537,-0.027656729410139
-0.0020931323834016,-0.0014946844506361,-0.0277761797325773
-0.0020930765977851,-0.0014921460933218,-0.0278961158919492
-0.0020941948993649,-0.0014906829567192,-0.0280165586056769
-0.002096463684375,-0.0014902808017746,-0.028137526708955
-0.0020998572813029,-0.0014909232136011,-0.0282590371745612
-0.0021043480890706,-0.0014925917226606,-0.0283811051361929
-0.002109906715243,-0.0014952659271542,-0.028503743915084
-0.0021165021139349,-0.0014989236161794,-0.0286269650496764
-0.0021241017230911,-0.0015035408932298,-0.0287507783281436
-0.0021326716008254,-0.0015090922996233,-0.0288751918235809
-0.0021421765605091,-0.0015155509374647,-0.0290002119316993
-0.0021525803043113,-0.0015228885917714,-0.0291258434108711
-0.0021638455549003,-0.0015310758514112,-0.0292520894243934
-0.002175934185031,-0.0015400822285291,-0.029378951584843
-0.0021888073447501,-0.0015498762761652,-0.0295064300004058
-0.0022024255859691,-0.0015604257037912,-0.0296345233230689
-0.0022167489841645,-0.0015716974905227,-0.0297632287985645
-0.0022317372569839,-0.0015836579957877,-0.0298925423179569
-0.002247349879548,-0.0015962730672582,-0.0300224584707607
-0.0022635461962589,-0.0016095081458773,-0.030152970599475
-0.0022802855289384,-0.0016233283678333,-0.0302840708554119
-0.0022975272811385,-0.0016376986633577,-0.0304157502556935
-0.0023152310384833,-0.0016525838522394,-0.0305479987412842
-0.0023333566649198,-0.0016679487359651,-0.0306808052359169
-0.0023518643947681,-0.0016837581864137,-0.0308141577057655
-0.0023707149204839,-0.0016999772310425,-0.0309480432197129
-0.0023898694760586,-0.0017165711345166,-0.0310824480100522
-0.0024092899159988,-0.0017335054767422,-0.0312173575334612
-0.0024289387898443,-0.0017507462272737,-0.0313527565320818
-0.002448779412196,-0.0017682598160704,-0.0314886290945382
-0.0024687759282405,-0.0017860132005876,-0.031624958716725
-0.002488893374772,-0.0018039739291888,-0.0317617283621995
-0.0025090977367227,-0.0018221102008739,-0.0318989205220151
-0.0025293559992264,-0.001840390921321,-0.0320365172738361
-0.0025496361952502,-0.0018587857552441,-0.0321745003401817
-0.0025699074488408,-0.0018772651750739,-0.0323128511456533
-0.0025901400140379,-0.0018958005059719,-0.0324515508730072
-0.0026103053095211,-0.0019143639671947,-0.0325905805179453
-0.0026303759490597,-0.001932928709827,-0.032729920942504
-0.0026503257678465,-0.0019514688509119,-0.0328695529269351
-0.0026701298448003,-0.0019699595040068,-0.0330094572199801
-0.0026897645209309,-0.0019883768062047,-0.0331496145874529
-0.0027092074138632,-0.0020066979416625,-0.0332900058590559
-0.0027284374286255,-0.0020249011616878,-0.033430611973364
-0.0027474347648097,-0.0020429658014411,-0.033571414020925
-0.0027661809202165,-0.002060872293316,-0.0337123932854309
-0.002784658691102,-0.0020786021770704,-0.0338535312829259
-0.0028028521691474,-0.0020961381067852,-0.0339948097990276
-0.002820746735275,-0.0021134638547362,-0.0341362109241425
-0.002838329050438,-0.0021305643122701,-0.0342777170866664
-0.0028555870435133,-0.0021474254877837,-0.0344193110841679
-0.00287250989643,-0.002164034501908,-0.0345609761125565
-0.0028890880266684,-0.0021803795800087,-0.0347026957932451
-0.002905313067263,-0.002196450042116,-0.0348444541983191
-0.0029211778444506,-0.0022122362904022,-0.0349862358737298
-0.0029366763530992,-0.0022277297943293,-0.0351280258605328
-0.0029518037300577,-0.0022429230735922,-0.0352698097141943
-0.0029665562255677,-0.0022578096789841,-0.0354115735219934
-0.0029809311728758,-0.0022723841713134,-0.035553303918548
-0.0029949269561871,-0.0022866420985028,-0.0356949880994955
-0.0030085429770995,-0.0023005799709994,-0.0358366138333611
-0.0030217796196569,-0.0023141952356279,-0.0359781694716489
-0.0030346382141593,-0.0023274862480143,-0.0361196439571909
-0.0030471209998658,-0.0023404522437086,-0.0362610268307929
-0.0030592310867243,-0.0023530933081338,-0.0364023082362163
-0.0030709724162609,-0.0023654103454821,-0.036543478923537
-0.0030823497217582,-0.0023774050466833,-0.0366845302509246
-0.0030933684878497,-0.0023890798565599,-0.0368254541848863
-0.0031040349096553,-0.0024004379402873,-0.0369662432990225
-0.0031143558515777,-0.0024114831492688,-0.0371068907713411
-0.0031243388058787,-0.0024222199865351,-0.0372473903801819
-0.0031339918511482,-0.0024326535717722,-0.0373877364988032
-0.0031433236107771,-0.0024427896060795,-0.0375279240886828
-0.0031523432115397,-0.0024526343365553,-0.0376679486915908
-0.0031610602423875,-0.0024621945208035,-0.0378078064204903
-0.003169484713553,-0.0024714773914515,-0.0379474939493251
-0.0031776270160554,-0.0024804906207662,-0.0380870085017559
-0.0031854978816984,-0.0024892422854498,-0.0382263478389038
-0.0031931083436441,-0.0024977408316963,-0.0383655102461677
-0.0032004696976411,-0.0025059950405822,-0.0385044945191753
-0.0032075934639845,-0.0025140139938664,-0.0386432999489349
-0.0032144913502752,-0.0025218070402646,-0.0387819263062516
-0.0032211752150466,-0.0025293837622663,-0.0389203738254724
-0.0032276570323177,-0.0025367539435553,-0.0390586431876264
-0.0032339488571304,-0.0025439275370911,-0.0391967355030228
-0.0032400627921214,-0.0025509146339081,-0.0393346522933731
-0.0032460109551767,-0.0025577254326825,-0.0394723954734981
-0.0032518054482121,-0.0025643702101171,-0.0396099673326848
-0.0032574583271151,-0.002570859292186,-0.039747370515751
-0.0032629815728861,-0.0025772030262844,-0.0398846080038806
-0.0032683870640054,-0.0025834117543179,-0.0400216830952847
-0.0032736865500524,-0.0025894957867676,-0.0401585993857466
-0.0032788916265998,-0.0025954653777631,-0.0402953607491042
-0.0032840137113981,-0.0026013307011881,-0.0404319713177231
-0.0032890640218657,-0.0026071018278456,-0.0405684354630098
-0.0032940535538934,-0.0026127887037023,-0.0407047577760134
-0.0032989930619707,-0.0026184011292292,-0.0408409430481629
-0.003303893040635,-0.0026239487398524,-0.0409769962521818
-0.003308763707245,-0.002629440987526,-0.0411129225232244
-0.0033136149860727,-0.0026348871234321,-0.0412487271402699
-0.0033184564937076,-0.002640296181814,-0.0413844155078142
-0.0033232975257635,-0.0026456769649425,-0.0415199931378922
-0.0033281470448737,-0.0026510380292129,-0.041655465632465
-0.0033330136699598,-0.0026563876723691,-0.0417908386662004
-0.0033379056667555,-0.0026617339218452,-0.0419261179696776
-0.003342830939564,-0.0026670845242143,-0.04206130931304
-0.0033477970242269,-0.0026724469357329,-0.0421964184901222
-0.0033528110822773,-0.0026778283139633,-0.0423314513030721
-0.0033578798962514,-0.0026832355104564,-0.0424664135474898
-0.0033630098661279,-0.0026886750644766,-0.0426013109981005
-0.0033682070068644,-0.0026941531977443,-0.0427361493949784
-0.0033734769469973,-0.0026996758101731,-0.0428709344303363
-0.0033788249282715,-0.0027052484765773,-0.0430056717358946
-0.0033842558062626,-0.00271087644432,-0.0431403668708389
-0.0033897740519564,-0.0027165646318751,-0.043275025310378
-0.0033953837542454,-0.0027223176282729,-0.0434096524349079
-0.0034010886233046,-0.0027281396933982,-0.0435442535197897
-0.003406891994805,-0.002734034759108,-0.0436788337257444
-0.0034127968349259,-0.0027400064311384,-0.0438133980898678
-0.0034188057461227,-0.0027460579917638,-0.0439479515172678
-0.0034249209736098,-0.0027521924031776,-0.0440824987733218
-0.0034311444125154,-0.0027584123115563,-0.0442170444765543
-0.0034374776156667,-0.002764720051775,-0.0443515930921305
-0.0034439218019626,-0.0027711176527366,-0.0444861489259608
-0.0034504778652911,-0.0027776068432802,-0.0446207161194117
-0.0034571463839508,-0.0027841890586323,-0.0447552986446136
-0.0034639276305319,-0.0027908654473659,-0.0448899003003585
-0.0034708215822172,-0.002797636878831,-0.0450245247085773
-0.0034778279314611,-0.0028045039510209,-0.0451591753113849
-0.0034849460970054,-0.0028114669988397,-0.0452938553686819
-0.0034921752351929,-0.002818526102735,-0.045428567956299
-0.0034995142515381,-0.0028256810976621,-0.0455633159646706
-0.0035069618125179,-0.0028329315823435,-0.0456981020980219
-0.0035145163575427,-0.0028402769287931,-0.045832928874054
-0.0035221761110732,-0.0028477162920679,-0.0459677986241102
-0.0035299390948447,-0.0028552486202177,-0.0461027134938065
-0.0035378031401659,-0.0028628726643993,-0.0462376754441077
-0.0035457659002577,-0.0028705869891237,-0.0463726862528316
-0.0035538248625986,-0.0028783899826067,-0.0465077475165615
-0.0035619773612467,-0.0028862798671918,-0.0466428606529486
-0.0035702205891068,-0.0028942547098188,-0.0467780269033832
-0.0035785516101141,-0.0029023124325066,-0.0469132473360171
-0.0035869673713057,-0.0029104508228269,-0.0470485228491151
-0.0035954647147557,-0.0029186675443397,-0.0471838541747163
-0.0036040403893454,-0.0029269601469676,-0.0473192418825852
-0.0036126910623474,-0.0029353260772835,-0.0474546863844319
-0.0036214133308,-0.0029437626886896,-0.0475901879383815
-0.0036302037326499,-0.0029522672514654,-0.0477257466536724
-0.0036390587576454,-0.0029608369626634,-0.0478613624955638
-0.0036479748579584,-0.0029694689558349,-0.047997035290433
-0.0036569484585217,-0.0029781603105641,-0.0481327647310416
-0.0036659759670624,-0.0029869080617969,-0.0482685503819538
-0.003675053783819,-0.0029957092089447,-0.0484043916850852
-0.0036841783109282,-0.0030045607247509,-0.0485402879653659
-0.0036933459614693,-0.0030134595639044,-0.0486762384364981
-0.0037025531681561,-0.0030224026713886,-0.048812242206791
-0.0037117963916668,-0.0030313869905533,-0.0489482982850564
-0.0037210721286036,-0.0030404094709,-0.0490844055865468
-0.0037303769190748,-0.0030494670755699,-0.0492205629389206
-0.003739707353895,-0.0030585567885287,-0.0493567690882182
-0.0037490600813978,-0.0030676756214375,-0.0494930227048337
-0.0037584318138573,-0.003076820620208,-0.0496293223894675
-0.0037678193335178,-0.0030859888712327,-0.0497656666790451
-0.0037772194982287,-0.0030951775072891,-0.0499020540525896
-0.0037866292466858,-0.0031043837131134,-0.050038482937033
-0.0037960456032794,-0.0031136047306418,-0.0501749517129555
-0.0038054656825503,-0.0031228378639182,-0.0503114587202404
-0.0038148866932582,-0.0031320804836683,-0.0504480022636328
-0.0038243059420647,-0.0031413300315397,-0.0505845806181918
-0.0038337208368355,-0.0031505840240103,-0.0507211920346273
-0.0038431288895681,-0.0031598400559673,-0.0508578347445098
-0.0038525277189502,-0.0031690958039578,-0.0509945069653466
-0.0038619150525556,-0.0031783490291176,-0.051131206905515
-0.0038712887286859,-0.0031875975797793,-0.0512679327690459
-0.0038806466978647,-0.0031968393937673,-0.0514046827602502
-0.0038899870239944,-0.0032060725003836,-0.0515414550881826
-0.0038993078851842,-0.0032152950220907,-0.0516782479709366
